name,likely_byline_gender
Rebecca MacKinnon,Female
David Sasaki,Male
Neha Viswanathan,Female
Jorge Gobbi,Male
Oiwan Lam,Female
Rezwan,Male
Giga Paitchadze,Male
Maya Norton,Female
Nathan Hamm,Male
Alice Backer,Female
Riyadh Al Balushi,Unknown
Janine Mendes-Franco,Female
Vilhelm Konnander,Male
Juliana Rincón Parra,Female
Anas Qtiesh,Male
Onnik Krikorian,Male
Georgia Popplewell,Female
Salam Adil,Male
Veronica Khokhlova,Female
Deborah Ann Dilley,Female
Fred Petrossian,Male
Marwa Rakha,Female
Haute Haiku,Male
Melissa De León,Female
Haitham Sabbah,Male
Samuel Maina,Male
Scilla Alecci,Female
Adil Nurmakov,Male
Mohamed Marwen Meddah,Male
Anthony Katombe,Male
Sokari Ekine,Female
Elijah Zarwan,Male
Amira Al Hussaini,Female
Mong Palatino,Male
Robert Woo,Male
John Kennedy,Male
Preetam Rai,Male
Tarek Amr,Male
Winglok Hung,Male
Andriankoto Ratozamanana,Male
Claire Ulrich,Female
Richard Wanjohi,Male
Farah Kinani,Female
David Reid,Male
John Liebhardt,Male
Paula Góes,Female
Frank Dai,Male
Lester Bolicenni,Male
Saffah Faroog,Male
Ayesha Saldanha,Female
Juhie Bhatia,Female
Paul Frankenstein,Male
Juan Arellano,Male
Victor Kaonga,Male
Sara Moreira,Female
Eduardo Avila,Male
Rocio Diaz,Female
Daniel Chandranayagam,Male
Juliana Rotich,Female
Obi,Female
Portnoy Zheng,Male
Ethan Zuckerman,Male
Layal Al Khatib,Unknown
Firuzeh Shokooh Valle,Female
Abdurahman Warsame,Male
Bernardo Parrella,Male
Faisal Kapadia,Male
Jose Murilo,Male
Thiana Biondo,Female
Bhumika Ghimire,Female
Judith Townend,Female
Andy Yee,Male
Rachel Rawlins,Female
Ndesanjo Macha,Male
Diego Casaes,Male
Solana Larsen,Female
Asteris Masouras,Male
Angelo Embuldeniya,Male
M L,Unknown
Anas Alaoui,Male
Rosario Lizana,Unknown
Lina Ben Mhenni,Female
Mac-Jordan,Male
Kevin Rennie,Male
Abdoulaye Bah,Male
Fabienne Flessel,Female
Jillian C. York,Female
Hisham Almiraat,Male
Paramendra,Male
Jordan & Maria Seidel,Male
Imnakoya,Male
Renata Avila,Female
Marta Cooper,Female
Carolina,Female
Kamla Bhatt,Female
Syafique Shuib,Male
Chhunny Chhean,Female
Issa Villarreal,Female
Themis Aline,Female
Karlo Mikhail Mongaya,Male
Njeri Wangari,Female
Nicholas Laughlin,Male
Michael Kan,Male
Catalina Restrepo,Female
Chris Salzberg,Male
Rethabile,Male
Katharine Ganly,Female
Tomomi Sasaki,Female
Antoun Issa,Male
Tolkun,Male
Steve Sharra,Male
Eremipagamo Amabebe,Female
Jennifer Brea,Female
tan,Female
Tharum Bun,Male
Zimpundit,Male
Tim Muth,Male
Mario Blanco,Male
Oluniyi D. Ajao,Male
Aparna Ray,Female
Frederico Dava,Male
Naseem Tarawnah,Male
Nish Matenjwa,Female
Akshay,Male
Sana Saleem,Female
hj barraza,Male
Rodrigo Peñalba,Male
Suzanne Lehn,Female
Belen Bogado,Female
Yazan Badran,Male
Eman AbdElRahman,Female
Leonidas Mejia,Male
Mohammad Azraq,Male
sami ben gharbia,Unknown
Matt Holland,Male
Minax,Female
Alexey Sidorenko,Male
Laura Vidal,Female
Lova Rakotomalala,Male
Mack Zulkifli,Male
Gayle Pescud,Female
Maryna Reshetnyak,Female
George Esunge Fominyen,Male
Vadim Isakov,Male
Clara Onofre,Female
Caroline Finlay,Female
Shabina Khatri,Female
Chippla Vandu,Male
Sonam Ongmo,Female
Iria Puyosa,Female
Sadiq Alam,Male
Andrew Heavens,Male
Gaurav Mishra,Male
Gabriela García Calderón,Female
Don Weinland,Male
Beth Kanter,Female
Dodka,Female
Jakub Górnicki,Male
Maurina H,Female
Sanket Patil,Male
Keta Haluha,Male
Sinisa Boljanovic,Male
Sylwia Presley,Female
Vergil Yeh,Male
Milton Ramirez,Male
Filip Stojanovski,Male
Tibor Blazko,Male
L. Abena Annan,Unknown
Omer Alvie,Male
Jennifer Cheung,Female
Gregory Asmolov,Male
Andrei Skvarsky,Male
Kathy Pidginson,Female
Ching Chiao,Male
Simon Maghakyan,Male
Raphael Tsavkko Garcia,Male
Nike Jung,Female
Janet Gunter,Female
Helge Fahrnberger,Male
Bob Chen,Male
Julius Rocas,Male
Mridula Dwivedi,Female
A. Fatih Syuhud,Unknown
Sopheap Chak,Female
Ben Paarmann,Male
Bharat,Male
George Sun,Male
Jeff Ooi,Male
Karel McIntosh,Female
Jonathan Ali,Male
Michael Hartsell,Male
Muhammad Karim,Male
Rebekah Heacock,Female
Andy Carvin,Male
Leon Kadoch,Male
Carlos Suasnavas,Male
Lisa N. Goldman,Female
Sylvia Zheng,Female
Rachel Barenblat,Female
Ory Okolloh,Female
Mialy Andriamananjara,Female
Mohamed ElGohary,Male
Niki Cheong,Female
I-fan Lin,Female
ong hock chuan,Unknown
Mansurhon,Male
William Tam,Male
Percy Balemans,Male
Julián Ortega Martínez,Unknown
Marc Herman,Male
Ebtihal Mahadeen,Female
Andrea Arzaba,Female
Hoa Quach,Female
Luke Razzell,Male
Silvia Viñas,Female
apeescape,Male
Fred,Male
Jenny Cascante Gonzalez,Female
Nermeen Edrees,Female
SudaneseDrima,Male
Luis Diego Molina,Male
Carmel L. Vaisman,Female
David Jones,Male
Dechen Pemba,Female
Ivan Sigal,Male
Mays Dagher,Female
Hossein Derakhshan,Male
Adriana Vargas,Female
Luisetta Mudie,Female
Teeth Maestro,Male
Farhan Janjua,Male
Mary Joyce,Female
Susannah Vila,Female
Bektour Iskender,Female
Ana Keshelashvili,Female
Anna Gueye,Female
Halima Khan,Female
Archana Verma,Female
Norbert Bousigue,Male
El Hud,Male
Lully Posada,Female
Elia Varela Serra,Female
Leon Felipe Sanchez,Male
Gina Cardenas,Female
Moussa Bashir,Male
Norma Lelli,Female
Davide Galati,Unknown
Ruslan Trad,Male
Magda Pilat,Female
Felipe Cordero,Male
Leila Tanayeva,Female
Ambreen Salman,Female
David Wescott,Male
Andrea Leung,Female
Saeko Robinson,Female
Shawn Lim,Male
Karim Elsahy,Male
Mohamed Benderouiche,Male
Jim Moore,Male
Fidelis Leite Magalhaes,Unknown
Allen Smithee,Male
Jude Chia,Male
SK Thew,Male
Mahid (Sudanese Guardian),Unknown
Derek Bambauer,Male
Chris Rickleton,Male
Senor Pablo,Female
Lokman Tsui,Male
Nevin Thompson,Male
Jeremy Clarke,Male
Jose Manuel Tesoro,Male
Luis Carlos Diaz,Male
Namita Singh,Female
Manuella Ribeiro,Female
Ammar Yasir,Male
Miguel Castillo,Male
Carrie Yang,Female
Prisha Bhoola,Female
Jennah Khaled,Female
Debora Baldelli,Female
Sofia Gallisa,Female
Rashmi Sinha,Female
Bijoy,Male
Gilad Lotan,Male
Arthit,Male
Manuela Tenreiro,Female
J. Nambiza Tungaraza,Unknown
Ammar Faheem,Male
Nicole Hyman,Female
Cati Restrepo,Unknown
Lee Yoo Eun,Male
Silvia Vinas,Female
Roger Franchini,Male
João Miguel D. de A. Lima,Male
Melissa Mann,Female
Ljubisa Bojic,Male
Lilly Nguyen,Female
Elena Ignatova,Female
Elena Skochilo,Female
Musa Aliyu,Male
Lulu Kitololo,Female
Ahmed Al-Omran,Male
Juliana Rincón,Female
Claudio Ruiz,Male
Nawaf M. Al-Thani,Unknown
Salman Latif,Male
Daniel Kalinaki,Male
Marisa Duma,Female
Luis Henrique,Male
Magda Michalek-Sidorenko,Female
Sameer Padania,Male
Nguyen Minh,Male
Danica Radisic,Female
Muhammad Hafiz,Male
Joi Ito,Female
Weah Ephraim Harris,Unknown
Mark Robertson,Male
Askhat Yerkimbay,Male
Gershom Ndhlovu,Male
Claire Sale,Female
Gael Brassac,Male
Patrick Hall,Male
Kitty Garden,Female
Enda Nasution,Male
Jerrenn Lam,Male
Steven BREWER,Male
Eleonora Pantò,Female
Aleks Tapinsh,Male
Rodrigo Penalba,Male
Samuel Holden,Male
Danica Radovanovic,Female
Gabriel Nada,Male
Clotilde Castillo,Female
Elisa Thiago,Female
Nabila Taj,Female
Amanda Michel,Female
شمس أحمد,Unknown
Sana Jamal,Female
The Economist,Unknown
Gavin Simpson,Male
Danilo Gonçalves,Male
Johanne Veilleux,Female
Jamshid Sultanzada,Male
Aygun Janmammadova,Female
Haifa Alrasheed,Female
Pamela Mutamba,Female
Paulina Aguilera,Female
Yelena Osipova,Female
Joshua Goldstein,Male
Emmanuel.K. Bensah,Male
Paulina Aguilera Muñoz,Female
Arzu Geybullayeva,Female
Lully,Female
Patricia Acosta,Female
Dan O'Huiginn,Male
Cindy Yang,Female
Innocent Chia,Male
Betsy Fisher,Female
Abdullatif AlOmar,Male
dbtester,Unknown
Masha Egupova,Female
Rocío Díaz,Unknown
Alex Gekker,Male
César Santiago,Male
Alfredo Richner,Male
Andres Riveros,Male
mrbrown,Male
Sasa Milosevic,Male
Isaac Mao,Male
Deogratias Simba,Unknown
Ellery Roberts Biddle,Male
Julien Pain,Male
Mirian Jugheli,Male
Paula Odhiambo,Female
Marianne Díaz Hernández,Female
Elaine Diaz,Female
Maria Grabowski,Female
Roy Rojas,Male
Carlos Gradaille,Male
Catherine Lewis,Female
Ariel Moreno,Female
,Unknown
Cristina Quisbert,Female
Lalatiana Rahariniaina,Female
Marco Veliz,Male
Joan Guerrero,Female
Tetyana Bohdanova,Female
Avylavitra,Male
Roba Al Assi,Unknown
Lynn Palermo,Female
Uma MD,Female
Dareen Al Saad,Unknown
Julie Owono,Female
Edward Popoola,Male
Elaine Díaz,Female
Collins Mbalo,Male
Chicoepab Suruí,Unknown
Fahad Albutairi,Male
Ayako Yokota,Female
Etienne Mashuli,Female
Omar Nieto,Male
Soneka Kamuhuza,Male
Ashley Cleek,Female
Viktoria Boyko,Female
Huyen Chip,Male
Negarra Akili Kudumu,Unknown
Marianna Tishchenko,Female
Fozia Mohamed,Female
Stephen Cairns,Male
Shaden Abdulrahman,Female
Zephyr Teachout,Female
Nadine Toukan,Female
Isabel Guerra,Female
Angilee Shah,Female
Atilio Baroni Filho,Unknown
Mark Jordahl,Male
Duy Hoang,Male
Amit Gupta,Male
Ernesto Priego,Male
Fiona Leonard,Female
Dmitry Davidov,Male
Afef Abrougui,Female
Ntwiga,Male
Yacoub Al-Slaise,Male
Cinthia Sento Se,Female
Bankele,Male
Eleanor Staniforth,Female
Weissz,Female
Deborah Esch,Female
Ammoun,Female
Nihan Zafar,Male
Geraldine Juarez,Female
Ismayil Hasanov,Unknown
Jae Yeon Kim,Male
Kanigui,Unknown
محمد الجوهري,Unknown
Winne Ko,Female
Marina Litvinovich,Female
Ana Vasquez,Female
Ekaterina,Female
Jacky,Male
Omar Chatriwala,Male
Laura Schneider,Female
Pervin Muradli,Female
Pascal Gibert,Male
Hanako Tokita,Female
Takashi Ota,Male
Leyla Najafli,Female
Flora Thomas,Female
Nwachukwu Egbunike,Male
Nemo,Unknown
Eduardo Liron,Male
Fanny Rahmouni,Female
Magdalena Noga,Female
Tikno,Male
Lara Dotson-Renta,Female
Mejasoa Razafimihary,Female
Thalia Rahme,Female
samsoum,Male
J. Tadeo,Unknown
Bader,Male
Elizabeth Rivera,Female
Yarisa Colón Torres,Unknown
Benin Mwangi,Male
Jornal @Verdade,Unknown
Madalitso Mwando,Male
Ana Lúcia Sá,Female
Mona Kareem,Female
Zul-Fadly,Male
Kata Molnar,Female
Samson Bezmyatezhny,Male
Ujjwal Acharya,Male
Jehan Naseem,Female
Pipper Lee,Male
Rosebell Kagumire,Female
Viktor Markovic,Male
Inji Pennu,Female
Vickie Remoe-Doherty,Female
Marc-Andre Boisvert,Male
Tyler Reed,Male
Aamir Raz Soomro,Unknown
Marianna Breytman,Female
Mathy Kandasamy,Female
Artur Papyan,Male
Will Partlett,Male
Ana Lucia Sa,Female
Amanda Rossi,Female
Louella Mahabir,Female
تاليا رحمة,Unknown
Leila Nachawati Rego,Female
Yarisa Colon,Unknown
Ayoola Alabi,Female
Lyndon,Male
Lilian Wagdy,Female
Diana Lungu,Female
Paulo Nuno Vicente,Male
Pauline Ratze,Female
Christina,Female
Mariana Freitas,Female
Sergey Park,Unknown
Saulo Valley,Unknown
Kubra,Female
Lulu Ahmed,Female
Deborah Almeida,Female
Nan Yang,Female
Mordecai Ben David,Male
Sanjukta,Female
Jeremy Laughlin,Male
Liana Aghajanian,Female
May Hnin Phyu,Female
Jamillah Knowles,Female
Diana Rhudick,Female
Jasmina Babic,Female
Kasia Odrozek,Female
Mohamed Nanabhay,Male
Laura Charron,Female
Veni Markovski,Female
Jose Preto,Male
LIBALEL,Unknown
Daniel CerVentus,Male
Laura Venables,Female
Carlos Raúl van der Weyden Velásquez,Male
Kounila Keo,Female
Patricia Worth,Female
Anna Gotowska,Female
Altynbek Ismailov,Male
Hyejin Kim,Female
Katie Manning,Female
Sylvio Combey,Unknown
Chan Myae Khine,Unknown
Yaeli,Female
Robert Valencia,Male
Emma Brewin,Female
Chris Moya,Male
Adriano Rangel,Unknown
Qurratulain Zaman,Female
বিজয়,Unknown
Hamza Daoui,Male
Ruwayda Mustafah,Female
Mario Duran,Male
Izumi Mihashi,Female
Ronald Yick,Male
Fernando Sapelli,Male
Philippe Menkoue,Unknown
Jen Fumero,Female
Noon Arabia,Female
Pradeep Kumar Singh,Unknown
Annasoltan,Female
Miguel Angel Guevara,Male
Anindita Gayatri,Female
Roberto Taddei,Male
Mi Voz,Unknown
Ali Alhasani,Male
Donna Welles,Female
Aulelia,Female
Ahmed Medien,Male
Endalk,Unknown
Elizabeth Tsurkov,Female
Evan Fleischer,Male
Giorgio Guzzetta,Unknown
Ylenia Gostoli,Female
Markos Lemma,Male
Sergey Pak,Unknown
Freedom For Egyptians,Unknown
Oscar Howell,Male
Veroniki Krikoni,Female
Javits Rajendran,Male
koluki,Female
Counselor Track,Male
Hadi Nili,Male
Vivienne Griffiths,Female
Mohamed Bacha,Male
Geoffrey Cain,Male
Theodora Rowlands,Female
Mi voz,Unknown
Robb WJ Ellis,Male
Madjid Zerrouky,Unknown
Lee Hyun Min,Male
Antonella Sinopoli,Unknown
Elizabeth,Female
David Silva,Male
Lali Sandiumenge,Unknown
Alexia Kalaitzi,Female
Boukary Konaté,Unknown
Tao,Male
Mihai Lukacs,Male
Miran Hosny,Female
Gerardo Espindola,Male
Mohamed Mesrati,Male
Soraya Sacaan,Unknown
Natán Calzolari,Unknown
Maria Lelyuk,Female
Sven Hultberg Carlsson,Unknown
Kazuko Ohchi,Female
Yohana de Andrade,Unknown
Asel,Female
Lova,Male
James Propa,Male
Nigar Hacizade,Female
Kirsten Han,Female
Paola D'Orazio,Female
Aaron Ortiz,Male
Victoria Tinta,Female
Menna Alaa,Female
Shaun Michael Samaroo,Male
Norman Garcia,Male
Danijel Sivinjski,Male
Oana Maria Dan,Unknown
Vadim Sadonshoev,Male
Francois-Xavier Ada-Affana,Unknown
Christine Mehta,Female
Cindi Loo,Female
Ismail Dhorat,Male
Rami Alhames,Male
Valisoa Rambelo Ramanitra,Unknown
Glenna Gordon,Female
অপর্ণা রায়,Unknown
WITNESS,Unknown
محمد عادل,Unknown
Rayna St.,Female
Pablo Andres Rivero,Male
Alex Engwete,Male
Ahmed Quick,Male
Atlatszo.hu,Unknown
Kelly Chung,Female
Richard de Araújo,Male
Kumail Ahmed,Male
Aleksandar Atanasovski,Male
Ángel Carrión,Unknown
Super Sub-Editor,Unknown
Leonard Chien,Male
Matthew Hunte,Male
Yasmeen El Khoudary,Female
Samy Boutayeb,Unknown
Orestis Fotiadis,Unknown
Joao Fernando Finazzi,Unknown
পান্থ রহমান রেজা,Unknown
D B Shobrawy,Unknown
Katrin Zinoun,Unknown
Ola Anan,Female
Anne Lozac'h,Female
Tina Chan,Female
Ahmed Awadalla,Male
Pauline Ratzé,Female
Débora Medeiros,Female
Camille Comméléran,Female
Rachele Cinarelli,Unknown
Aim Sinpeng,Female
পান্থ রহমান রেজা (Pantha),Unknown
Portnoy,Male
Marc,Male
رامي الهامس,Unknown
Rafael Gonzalez,Male
Carlos Fonseca,Male
Violeta Camarasa,Female
Mirsulzhan Namazaliev,Male
bonniefly,Unknown
Lidia Ucher,Female
Joshua Foust,Male
Kevin Rothrock,Male
Super Sub-Editor 2,Unknown
Salah Almhamdi,Male
Agung Harsya,Male
Kathryn Morgan,Female
Andrew Kowalczuk,Male
Paola DOrazio,Female
محمد العامر,Unknown
Super Translator,Unknown
Jon Lindsay Miles,Male
Andrey Tselikov,Male
Rikki Brown,Female
Esteve Mata,Unknown
Mostafa Hussein,Male
Arefaynie,Male
Mark Wagner,Male
Antonio Lopez,Male
Iryna Natalushko,Female
Philemon Msangi,Male
Chellsy Alis Manning,Unknown
T10,Unknown
T9,Unknown
T8,Unknown
T7,Unknown
T6,Unknown
T5,Unknown
T4,Unknown
T3,Unknown
T2,Unknown
T1,Unknown
Diego Bianchi,Male
Cho,Male
Teplitsa,Unknown
Mireia Bel Garrit,Unknown
Ashna Shareff,Female
Jummana Kahlout,Female
Maha El-Sanosi,Female
Végső Valentina,Female
Ioanna Panagiotopoulou,Unknown
Elena Arrontes,Female
Jens Wilkinson,Male
Stanislas Jourdan,Unknown
Frederick Noronha,Male
Passy Mubalama,Unknown
Rebecca Knaggs,Female
طارق عمرو,Unknown
Joey Ayoub,Male
Laween Atroshi,Male
Stratos Moraitis,Male
yangonthu,Female
Tonyo Cruz,Male
Isabella Mukanda-Shamambo,Female
Maria Sidiropoulou,Female
Mario Sorgalla,Male
أحمد جدو,Unknown
Alexander Sodiqov,Male
Augis Barkov,Male
Vulanga Akhmedova,Female
Anna Fergana,Female
Bronwyn,Female
Anita Hunt,Female
Omid Bidar,Male
Kowshik Ahmed,Male
Daniela Gallardo,Female
Musharraf,Male
Ahmet Yilmaz Vural,Unknown
Priscila Kesselring,Female
Saikal Nogoibaeva,Female
Venera,Female
Davi Padilha Bonela,Unknown
Super Sub-Editor 1,Unknown
Asel Tursunbekova,Female
Meng Zhang,Male
Sara Sg,Female
Ip Iam-chong,Male
Morgan Gibson,Female
Steven Hermans,Male
debolina,Female
Rana Baker,Female
alan flores,Male
jonl,Male
DZCalling,Male
Joan Antoni Guerrero Vall,Female
Sahar Habib Ghazi,Unknown
Gloria Wong,Female
Ramata Sore,Female
Belén Quezada,Unknown
Diana Aqra,Female
Francois Bacha and Marie-Josée Rizkallah,Male
Begimay Shekeyeva,Female
Osama Khalid,Male
Mari Wakimoto,Female
Andre Ruette,Male
Alison Martinez,Female
Aya Chebbi,Female
Altynai Sydykova,Female
Rhodri ap Dyfrig,Unknown
Júlio do Carmo Gomes,Unknown
Atai Muratbekov,Male
Siân Sinnott,Female
Tessa Houghton,Female
Ifan Jones,Male
Mohammed Alamer,Male
Lourdes Sada,Female
Karl Soper,Male
inmediahk.net,Unknown
محمد عبدو,Unknown
Super Sub-Editor 3,Unknown
Super Sub-Editor 4,Unknown
Super Sub-Editor 5,Unknown
Super Sub-Editor 6,Unknown
Carl Morris,Male
Pablo Andrés Rivero,Male
Andrew Young,Male
Gina Yauri,Female
Alan Bailey,Male
Kabir Khan,Male
Yulia Lukashina,Female
Lydia Beyoud,Female
Brenda Zulu,Female
Rebecca Wanjiku,Female
Naruto,Male
Muna Annahas,Female
site admin,Unknown
Mustapha,Male
Daniel Duende,Male
Razan Ghazzawi,Female
Dean CóRnito,Male
Yavor Mihaylov,Male
Stan Faryna,Male
kayode,Male
Nishadha Silva,Male
Kelly Proctor,Female
Yuka Miller,Female
Apsith,Male
Charles Feng,Male
Tu Van Cong,Male
Lola Koundakjian,Female
L L,Unknown
Taku Nakajima,Male
Raza Rumi,Male
Alan Davidson,Male
Skye Hernandez,Female
Margarete Hurn,Female
Yasmine Abu Khazneh,Female
micosantos,Male
Nash Suleiman,Male
Egidio Vaz,Male
Mahmood Al-Yousif,Male
Ayman Haykal,Male
Michael Castro,Male
Natalie Jesionka,Female
Sanjay Sharma,Male
Ian Chesley,Male
Jon Gosier,Male
Deborah Goldemberg,Female
Bianca Welds,Female
Ahmed Salem,Male
Adam Klempner,Male
Phil,Male
Yantao BI,Male
Alvaro Berroteran,Male
Noor Hidayah,Female
Yelena Jetpyspayeva,Female
Beckie Loewenstein,Female
Claudia Cadelo,Female
Emil Mammadov,Male
Ali S. Novruzov,Male
Denford Magora,Male
Heather Ford,Female
Martin Manurung,Male
Teddy Ruge,Male
Andrea Fenn,Female
Ruchika Muchhala,Female
Bogomil Shopov,Male
Eunice del Rosario,Female
Seila Prum,Male
Carlos Dutra,Male
jertest,Unknown
Rodrigo Alvares,Male
Tian Yi,Male
Markpeak,Female
Gabriel Borges,Male
Timothy Kasolo,Male
Celeste Calvet,Female
Rami Abdelrahman,Male
Salam Pax,Male
Eusebia Madziwa,Male
Amer Al-Hilal,Male
Jad Madi,Male
Liat Nguyen,Female
Hash,Male
Connie Veneracion,Female
KO,Male
Mikhail Larchanka,Male
Ruth Collins,Female
Mahangu,Male
Mikola Andrejeu,Male
Huma Yusuf,Female
Carmen Ferreiro,Female
Henry C.,Male
Marina Noordin,Female
Marisol Ramos,Female
